{
  "parent": "minecraft:item/generated",
  "textures": {
    "layer0": "minecraft:item/bread"
  },
  "overrides": [
    {
      "predicate": {
        "custom_model_data": 1
      },
      "model": "minecraft:item/bread1"
    },
    {
      "predicate": {
        "custom_model_data": 2
      },
      "model": "minecraft:item/french_fries"
    },
    {
      "predicate": {
        "custom_model_data": 3
      },
      "model": "minecraft:item/hotdog"
    },
    {
      "predicate": {
        "custom_model_data": 4
      },
      "model": "minecraft:item/taco"
    },
    {
      "predicate": {
        "custom_model_data": 5
      },
      "model": "minecraft:item/ramen"
    },
	{
      "predicate": {
        "custom_model_data": 6
      },
      "model": "minecraft:item/biscuit"
    },
	{
      "predicate": {
        "custom_model_data": 7
      },
      "model": "minecraft:item/coffee"
    }
  ]
}
