{
	"parent": "item/handheld",
	"textures": {
		"layer0": "item/iron_sword"
	},
	
	"overrides": [
		{"predicate": {"custom_model_data":1}, "model": "item/iron_sword/1"},
		{"predicate": {"custom_model_data":2}, "model": "item/iron_sword/2"},
		{"predicate": {"custom_model_data":3}, "model": "item/iron_sword/3"},
		{"predicate": {"custom_model_data":4}, "model": "item/iron_sword/4"},
		{"predicate": {"custom_model_data":5}, "model": "item/iron_sword/5"},
		{"predicate": {"custom_model_data":6}, "model": "item/iron_sword/6"},
		{"predicate": {"custom_model_data":7}, "model": "item/iron_sword/7"},
		{"predicate": {"custom_model_data":8}, "model": "item/iron_sword/8"},
		{"predicate": {"custom_model_data":9}, "model": "item/iron_sword/9"},
		{"predicate": {"custom_model_data":10}, "model": "item/iron_sword/10"}
	]
}